address,module_address,chain_key,deployed_block,deployed_tx_index,deployed_log_index
0x0fe056adc6af51614f60c12f5416b7cd13bd7b64,0x0fe056adc6af51614f60c12f5416b7cd13bd7b64,0x4ff4e61052a4dfb1be72866ab711ae08dd861976,30000000,0,0
0xf767efe1700e8c14d16e214920b26a0ce568ae5b,0x4e0799e4b9dca722523b2a211135450a2755aa59,0x4ff4e61052a4dfb1be72866ab711ae08dd861976,30000000,1,0
0xd3baaec6dd5e5b31cde8092d4cf0b6ae835ec0e8,0x7fce19810da7029e2c1f73264f4497f2d6e985d4,0x4ff4e61052a4dfb1be72866ab711ae08dd861976,30000000,2,0
0xb64d4e728a4a590dbf661726c85b57b787d90f19,0x9c3dca847702d2a684304b4d11cc07f7a272eab0,0x4ff4e61052a4dfb1be72866ab711ae08dd861976,30000000,3,0
0x8497ef195dfc7d4b2d52154d20115bab06dd2003,0x2d023ba6bb0e6d1d800d1511f85f4ab4ec7f1f43,0x4ff4e61052a4dfb1be72866ab711ae08dd861976,30000000,4,0
0xe480e91f78ed045b07245ef9766df46f95daf23b,0xee958f9a084a2eeadd07245f7b2866c4765a7577,0x529f995739c9c425cecee9def78e95cb07887565,30000000,5,0
0xbcab44b47ef170412a94f0bec1610b2ebf3b060b,0xfd5291e8263641d93542475fd924858baed951ee,0x4ff4e61052a4dfb1be72866ab711ae08dd861976,30000000,6,0
0x3e051e72e345600233b70fb5b6b9d66930a02098,0x7e2ab347fbc95af80f7c98bb30ce0ed2450c1330,0x4ff4e61052a4dfb1be72866ab711ae08dd861976,30000000,7,0
0x00851ffed6220ceef5266948178cd7d86c179fee,0xc3c58d0187f640013f59c4955c4136d6bd1a33a0,0x4ff4e61052a4dfb1be72866ab711ae08dd861976,30000000,8,0
0x76ded457d2213f8d3c75f238a4463e7c3faff122,0xfc6e74019de84954970b82e9e664c30295241cfa,0x4ff4e61052a4dfb1be72866ab711ae08dd861976,30000000,9,0
0x02c05770a5c9312f6ca9ccf191edf60add0581dc,0xfd4621359e6d5268ef54a382c68b1e65851eda1b,0x4ff4e61052a4dfb1be72866ab711ae08dd861976,30000000,10,0
0xa8eb6b87290ab07cfe5ea3a6c2987b298ce63715,0x7cc568a53ac6921d3960c43ee824f33850f11ccf,0x4ff4e61052a4dfb1be72866ab711ae08dd861976,30000000,11,0
0x33dfee8ad421366aaf503f0d5a7cb623e982bb6f,0xe463aac59d3b509f6b4df04256ead0c6e30d06a3,0x01bfbcb6a2924b083969ce6237adbbf3bfa7de13,30000000,12,0
0xf63e9f8504d8c3beb64c743476fa3b8b43fe4a4f,0x494b74d3b98f45b03c30af4baed368593b6400a8,0x4ff4e61052a4dfb1be72866ab711ae08dd861976,30000000,13,0
0xdebaf0934b8858a12fb3855d00c0cfee104b58ae,0x4c5aeb38f292d15872cdb0a651223374fc172efd,0x4ff4e61052a4dfb1be72866ab711ae08dd861976,30000000,14,0
0xbf888e904fde2727bbfbcfdd687d26a353def841,0xba78a357512db67b452fa30aa765fe9c493dec18,0x4ff4e61052a4dfb1be72866ab711ae08dd861976,30000000,15,0
0xec87f20f27a882c09a6f83a7c2653803a916c2bc,0xeb04b612489846d66b5e0c431525aebb6faf22b3,0x288867c8c5a8e20f8aac5a031578067e23126f1b,30000000,16,0
0x76d918806ecef469fdfc45e7b37c7b792a31610b,0xb0c5b474967904bd37c6524ea3d2cd25873e9d44,0x4ff4e61052a4dfb1be72866ab711ae08dd861976,30000000,17,0
0x1b676be89d75a7ae07ff57c57567987bb10304c8,0x49b68fa6d9289791c94e923ff9e4b9e4e732f8aa,0x529f995739c9c425cecee9def78e95cb07887565,30000000,18,0
0x50811d842f5c9bf04d7995f8522db6a12f7ca81f,0xeab14f079facfdf677957e48d987dfbf262e9e00,0x4ff4e61052a4dfb1be72866ab711ae08dd861976,30000000,19,0
0xc23d9d4d9229f1e3ea4014d165e206e4106edf86,0x1d5aa4deadef78dd9a26e8a61b5ad12ed378eb98,0x01bfbcb6a2924b083969ce6237adbbf3bfa7de13,30000000,20,0
0x7f593b88de33d457ee330d248eedaeeeeafbb92f,0x45abd4334f8c6d24b23efda80b8f5a563209a206,0x4ff4e61052a4dfb1be72866ab711ae08dd861976,30000000,21,0
0xab28d9a60a2dfb9fe87234f72e7b82563a99197b,0xf087936b619a0361408a64ed2ac8a86d89bb7de5,0x4ff4e61052a4dfb1be72866ab711ae08dd861976,30000000,22,0
0xee5c9abf00d621ad6255ddc8dc6cb1a805742543,0x5895e12b68b368d5bc98e487c83fd75ccc624778,0x166662c4345ea20c2f8dd227eb30f13852eb5f19,30000000,23,0
0x5196e5c7518c9d2110d362a29637ed0c23740d2c,0x2094597da9b7b4e3aa10093c43b9c3fd731b14ad,0x01bfbcb6a2924b083969ce6237adbbf3bfa7de13,30000000,24,0
0x78b7ede90f9073a92d7805383e096e59e69b8667,0x31b7e3cca4556044faad2ad3e4c54aec25cbadcb,0x95a558c76b553ee7d995c43101facf728688d65b,30000000,25,0
0x1136124c99974c14e26dd08c40388fc8ed75e579,0x9b71f82e03a1bdcbf7a7766a7d7e05a46c36fa22,0x166662c4345ea20c2f8dd227eb30f13852eb5f19,30000000,26,0
0x929a3569f5c6b5b08eb8348baa3b22be568c918c,0xbe7ad65bc1067b239180b59686ef7219242cfdcb,0x4ff4e61052a4dfb1be72866ab711ae08dd861976,30000000,27,0
0x8e46d919d6742623aa5b738b1d66ff2394994262,0xc5f2bdeb7e9ec441ae49ef69e8a2fcf9d32178f9,0x4ff4e61052a4dfb1be72866ab711ae08dd861976,30000000,28,0
0x8e443f29c84098c4abd7e70575c370cc1907b4a2,0x783323a98e88d8a0174c69bf9cf42f6754d48e28,0x4ff4e61052a4dfb1be72866ab711ae08dd861976,30000000,29,0
0x6f835ded9e11b859de87bacbbec9e2be13fe0190,0x954787c8be35e8fe080bd1a978e54fd92114313a,0x529f995739c9c425cecee9def78e95cb07887565,30000000,30,0
0x83b8cf5af80e44f3f8a6d1869daf21e192c3e72b,0x84cb6faf83b476d3d10fe11b64c804d872b7c143,0x95a558c76b553ee7d995c43101facf728688d65b,30000000,31,0
0x0bc3d4dc4522b021f2316b90d07098de3ea1a2a5,0x886455b5a162a1c30e1afdd0b66124466c4ffd3c,0x4ff4e61052a4dfb1be72866ab711ae08dd861976,30000000,32,0
0x5cab74ea6f8b90f54818071f690df766c678e449,0xecbf4bf5f376a0e9108e556d66b5c486138c3774,0x529f995739c9c425cecee9def78e95cb07887565,30000000,33,0
0x8fb7810fadab69eb3aa40f3237fc9c3e1e93d2df,0x37d25154bcaaaa4452f07fb2d7a81d96f3c3e9ba,0x4ff4e61052a4dfb1be72866ab711ae08dd861976,30000000,34,0
0x2f2346c53252b1d87520523928f8d7b8f00bb894,0x8b8ddb7f65e6ffcd655336d6828e01de284353ef,0x4ff4e61052a4dfb1be72866ab711ae08dd861976,30000000,35,0
0x10cd8026bb8957687b949e973a478990eefb3334,0xae57b046d7767c74ba6fa6f0f99edf279d0a612b,0x529f995739c9c425cecee9def78e95cb07887565,30000000,36,0
0x6b937755b238300191f59bba48235a8ec537fa33,0xfa402bbfb4e5fe94837de33a122d868bf7f7a080,0x4ff4e61052a4dfb1be72866ab711ae08dd861976,30000000,37,0
0xc644a26092d5dccf8557d240dd79d3b01148c7d9,0x789dbb46b41480f9c9281cf1c708400ae45ff18c,0x4ff4e61052a4dfb1be72866ab711ae08dd861976,30000000,38,0
0xc576f05d065c5e9d43667b9b618ada3a52d7d3e2,0x40aeaf3d3f2c456d91b1211fea6e6ab415923886,0x4ff4e61052a4dfb1be72866ab711ae08dd861976,30000000,39,0
0x4adfc76f4b9d2d8e923b83b2dba14de0c10bc300,0x63025e229750835e21c1cdd9c1e5e4df55b14c52,0x4ff4e61052a4dfb1be72866ab711ae08dd861976,30000000,40,0
0xdC0DeA7A62b02Ce24CC8ce8Dead861614D15c3C1,0x27baf3c6b90281ed8c37b7122b76426d39228b00,0x4ff4e61052a4dfb1be72866ab711ae08dd861976,30000000,41,0
0xbe9e2703209838e44c9d88ec5d504e77e6f23033,0xf9f30eb37b1440d7b269245a8c2cafbd249bc53e,0x4ff4e61052a4dfb1be72866ab711ae08dd861976,30000000,42,0
0x615e91bbf1cd50ff8ff5bdd4996194ad92a44870,0x5afd059ad4e60f3ccdf13706126d522c274c82fd,0x4ff4e61052a4dfb1be72866ab711ae08dd861976,30000000,43,0
0x75cbc9a2bbb64ef81589e61daf74fa21d0af708e,0xf8270013df1e59fde23c1e473359ff48fc9d3bb9,0x4ff4e61052a4dfb1be72866ab711ae08dd861976,30000000,44,0
0x4d0a24372436c5112d584acb8337741e63c524f6,0x87788bc591e9808f02dcd23c811d65cba3221341,0x4ff4e61052a4dfb1be72866ab711ae08dd861976,30000000,45,0
0x386b33c8ceae460403d6585a1d8cc38f945cbc7a,0x951e7d11c0f6ad67f57facf040b7ce8523eee74e,0x529f995739c9c425cecee9def78e95cb07887565,30000000,46,0
0xfec3fe14f1af60d19ef9bc5be6d0a95a0ff6c90c,0x57be8de74b9ee3e380fc40c820c84bdf3ba42c75,0x4ff4e61052a4dfb1be72866ab711ae08dd861976,30000000,47,0
0x674c4d349501a92ed3807c45d9f606086e2bfd9e,0x4c6b650de44298fa393c44eb523c18b2076119cf,0x4ff4e61052a4dfb1be72866ab711ae08dd861976,30000000,48,0
0xdf30cc07da7d8dee857dfbec1baa70b3e26848cc,0xe1cdb444442f864f1b2cc7c637c9f8b07b831402,0x4ff4e61052a4dfb1be72866ab711ae08dd861976,30000000,49,0
0xc92c1c0b911e09ac5b55e4cc49f9f55e5d80d1ff,0x17549aedf4c332842999ff6f61a356b8701252ed,0x4ff4e61052a4dfb1be72866ab711ae08dd861976,30000000,50,0
0x172b41508fa506aaec61f3217b07ffd845b0cb02,0x3e37ea2745fee308d46f706bebc307292431b928,0x4ff4e61052a4dfb1be72866ab711ae08dd861976,30000000,51,0
0x29971bfaa8c1088ef4c40d473d65ea399bb6a395,0xd340c85ca69aae3abc22eeb0f493f18204d0ed16,0x166662c4345ea20c2f8dd227eb30f13852eb5f19,30000000,52,0
0x5e94aaae7005caf131664cbd925d647de211f0c8,0x8088b259f4eabaacdf86347ad29e290b9fdc2147,0x4ff4e61052a4dfb1be72866ab711ae08dd861976,30000000,53,0
0x954032e23d1ffe381de341618678a9d3a33edee4,0x6ed06c114a632cea0e488cba5a9224ffec306fca,0x4ff4e61052a4dfb1be72866ab711ae08dd861976,30000000,54,0
0xebe64726c098755648ad0dbbcb95f909d5c59aea,0x7fde9258cdd722aadf775ad01baabc89317e5d29,0x67db9480b8c80823767020cbcd69a88b8625a6f6,30000000,55,0
0xf8361f4c74c8d096609dc1039082246d89b5197c,0xeebd3b64316c9bfaacaf64c88ad5d58c64bab26a,0x4ff4e61052a4dfb1be72866ab711ae08dd861976,30000000,56,0
0xe778ac5f4fc5c5dc5855bcb89c5c767757a7169d,0x771ee4b6364b36cb479a9ea85ff28144e1f2fb64,0x4ff4e61052a4dfb1be72866ab711ae08dd861976,30000000,57,0
0x6229e8c61ccf7f82c028ddcb64ee1a7e1f1ce85b,0x1bca74ffd9180eacc5d056815ba3de83ad5845cd,0x4ff4e61052a4dfb1be72866ab711ae08dd861976,30000000,58,0
0x5ad42bcc355014d12a6db6fa03c6dcad27374c1a,0x90f697f92bca1ce9792d87c5905a8dde399ab218,0x01bfbcb6a2924b083969ce6237adbbf3bfa7de13,30000000,59,0
0x3285b2961d7b1e467f13a64dea8e4e1f3eb0eeed,0xa12186fa08c65d247db7449280231c9e19aa93a6,0x01bfbcb6a2924b083969ce6237adbbf3bfa7de13,30000000,60,0
0xb6a97aa41867e1deacae40af8573ed576cb29a1b,0x562a80330b8197adf2e8d313ecd4081f9e7b002c,0x4ff4e61052a4dfb1be72866ab711ae08dd861976,30000000,61,0
0x9cb7e1f4b8c014ce26b34073b6d2484fe773fae1,0x007c3989ff9ebe93f3fc09a126e112c236c231ba,0x4ff4e61052a4dfb1be72866ab711ae08dd861976,30000000,62,0
0xdb7b95978830b55488f5170320f56080540bbff3,0x0bcc4a80614790f3f9fb07d50b22b3fa6f448d79,0x4ff4e61052a4dfb1be72866ab711ae08dd861976,30000000,63,0
0x8fbd0dda82c6ec6747b623c19161c4ceaae6f5db,0xd350ac97eb54cef8cfcd21d3039db432d018dde2,0x4ff4e61052a4dfb1be72866ab711ae08dd861976,30000000,64,0
0x1dab546b395d375b89290337e304bf5e4d4a137f,0xee827461f2fad984ff4697501ed0ee5744d4b5bb,0x4ff4e61052a4dfb1be72866ab711ae08dd861976,30000000,65,0
0x20b9c99a400bde3e65ac5650772a77be9c52b4d6,0xe7222927d871dfec0bf361e8913a9b22a63e5c5b,0x529f995739c9c425cecee9def78e95cb07887565,30000000,66,0
0xbdf7d9689b81ab358c19dd0e17d241d43cfd6a48,0x6a71a5c97550d6e22af4b8844945a444131234a7,0x4ff4e61052a4dfb1be72866ab711ae08dd861976,30000000,67,0
0xbd6d3b2e9ad359274f4c81f4e24c8821b897010b,0xe41e4ea8681adc58cfa5d29ca1e5fa76c77691ba,0x4ff4e61052a4dfb1be72866ab711ae08dd861976,30000000,68,0
0x1efb9cb8a69e4116ca88393e59db8d2a50e05027,0x58be12f4acbca8007e1e0ab3f91cf0b03b05cfc5,0x01bfbcb6a2924b083969ce6237adbbf3bfa7de13,30000000,69,0
0x6477e5b36b0f14f8b8a9afc4c1c3f7a21d12b1a3,0xd5aa6d5e7350ff82700e53d66a8b90942f0f3439,0x4ff4e61052a4dfb1be72866ab711ae08dd861976,30000000,70,0
0x7a2a74b26f24f39b35d02773102585203cce2567,0x138ff63e88237afc928c15bc4bc6ed54d4ba649e,0x01bfbcb6a2924b083969ce6237adbbf3bfa7de13,30000000,71,0
0x58810d65f055295678e1527e0d82d2ed8cced66a,0x76192418b70484a3484f949c87823b46f3a5ee59,0x4ff4e61052a4dfb1be72866ab711ae08dd861976,30000000,72,0
0x824c214a090c9f64886bf6ed9d6f35894ba4dbd0,0xe8026431a7f5bb4ff460a97ad9eb16af80e9fe5b,0x4ff4e61052a4dfb1be72866ab711ae08dd861976,30000000,73,0
0xb52e8406a23d6caa81f373391915b02dfda9c4fc,0x72f0a3368380735060b852dc4a1c520506f1d100,0x4ff4e61052a4dfb1be72866ab711ae08dd861976,30000000,74,0
0xf37ce642d6820e4a70687ba605e40e897eac47ab,0xb76b15f1276e7f18d3fff5e87d8c405eaebed9ee,0x4ff4e61052a4dfb1be72866ab711ae08dd861976,30000000,75,0
0x9e8cf44a56933a2216d512f489eeceaaa27740f6,0x965cb1645357b85b0193cdcb0c49b24019a3b0fb,0x4ff4e61052a4dfb1be72866ab711ae08dd861976,30000000,76,0
0x2c17bf7f3948e9227b775a4c1c7aabe46067c9c2,0xa64ca41f1854f7db370301741278a96ee29f0bbb,0x4ff4e61052a4dfb1be72866ab711ae08dd861976,30000000,77,0
0xdf2d4fc35436183570476682ae87597cfe50cd45,0xbbdd9b383b22318cb4e5b96efe4cd419a2ddb6af,0x4ff4e61052a4dfb1be72866ab711ae08dd861976,30000000,78,0
0xf1aee499341d913af6c59a03e633377e84a8f8e4,0x9d63f4e9e79387fd5ff1e5fc7d6a6d9c3d368d69,0x4ff4e61052a4dfb1be72866ab711ae08dd861976,30000000,79,0
